Site,Mot clé,Fréquence
www.informatiques-madagascar.com,usb,18
www.informatiques-madagascar.com,laptop,13
www.informatiques-madagascar.com,accessoires,10
www.informatiques-madagascar.com,bureautique,9
www.informatiques-madagascar.com,clavier,9
www.informatiques-madagascar.com,graveur,9
www.informatiques-madagascar.com,lecteur,9
www.informatiques-madagascar.com,externe,9
www.informatiques-madagascar.com,mémoire,9
www.informatiques-madagascar.com,carte,9
www.informatiques-madagascar.com,ssd,9
www.informatiques-madagascar.com,tablette,9
www.informatiques-madagascar.com,logiciel,7
www.informatiques-madagascar.com,multimédia,6
www.informatiques-madagascar.com,hub,6
www.informatiques-madagascar.com,souris,6
www.informatiques-madagascar.com,composants,6
www.informatiques-madagascar.com,barrette,6
www.informatiques-madagascar.com,disque,6
www.informatiques-madagascar.com,dur,6
